title,ingredients,state,diet,meal_time,dish_type,calories,protein,fat,carbs,sodium,nutrition_basis,slot_portion_g,calories_slot,protein_slot,fat_slot,carbs_slot,sodium_slot,calculation_notes
Egg Dosa,"Rice, parboiled, milled, Black gram, dal, Egg, poultry, whole, raw, Onion, big, Gingelly oil, Table salt (sodium from NaCl), Water",South India,non_vegetarian,breakfast,main,154.5,5.5,3.5,24.6,0.32500000000000001,per 100 g finished dish,200,309,11,7,49.2,0.65,Egg dosa; per 100 g finished dish.
Egg Dosa + Sambar,"Water, Table salt (sodium from NaCl), Onion, big, Egg, poultry, whole, raw, Black gram, dal, Rice, parboiled, milled, Gingelly oil, Chillies, red, Coriander seeds, Turmeric powder, Tamarind, pulp, Asafoetida, Drumstick, Red gram, dal, Mustard seeds, Tomato, ripe, local, Curry leaves",South India,non_vegetarian,breakfast,main,114.3,4.4000000000000004,2.6,17.899999999999999,0.30199999999999999,per 100 g finished dish,200,228.6,8.8000000000000007,5.2,35.799999999999997,0.60399999999999998,Egg dosa and sambar combo; per 100 g finished dish.
Egg Uthappam,"Rice, raw, milled, Black gram, dal, Egg, poultry, whole, raw, Onion, big, Chillies, green - all varieties, Table salt (sodium from NaCl), Water, Gingelly oil",South India,non_vegetarian,breakfast,main,151.19999999999999,5.3,2.6,25.8,0.28100000000000003,per 100 g finished dish,200,302.39999999999998,10.6,5.2,51.6,0.56200000000000006,Egg uthappam with dosa batter and egg topping; per 100 g finished dish.
Egg Uthappam + Coconut Chutney,"Rice, raw, milled, Black gram, dal, Egg, poultry, whole, raw, Onion, big, Chillies, green - all varieties, Table salt (sodium from NaCl), Water, Gingelly oil, Coconut, kernel, fresh, Bengal gram, dal, Ginger, fresh, Curry leaves, Mustard seeds",South India,non_vegetarian,breakfast,condiment,158.1,4.5999999999999996,6.4,20.2,0.29099999999999998,per 100 g finished dish,200,316.2,9.1999999999999993,12.8,40.4,0.58199999999999996,Egg uthappam and coconut chutney combo; per 100 g finished dish.
Adai,"Rice, raw, milled, Bengal gram, dal, Red gram, dal, Black gram, dal, Green gram, dal, Onion, big, Chillies, red, Curry leaves, Gingelly oil, Table salt (sodium from NaCl), Water",South India,vegetarian,breakfast,main,172.1,6.9,3.1,28.3,0.39900000000000002,per 100 g finished dish,200,344.2,13.8,6.2,56.6,0.79800000000000004,Multi-dal adai; per 100 g finished dish.
Adai + Avial,"Rice, raw, milled, Water, Table salt (sodium from NaCl), Gingelly oil, Curry leaves, Chillies, red, Onion, big, Green gram, dal, Black gram, dal, Red gram, dal, Bengal gram, dal, Chillies, green - all varieties, Milk, whole, Cow, Turmeric powder, Cumin seeds, Coconut oil, Coconut, kernel, fresh, Drumstick, French beans, country, Carrot, orange, Ash gourd, Plantain, green",South India,vegetarian,breakfast,main,131.5,4.4000000000000004,4.5999999999999996,17.5,0.35499999999999998,per 100 g finished dish,200,263,8.8000000000000007,9.1999999999999993,35,0.71,Adai and avial combo; per 100 g finished dish.
Adai + Coconut Chutney,"Rice, raw, milled, Water, Table salt (sodium from NaCl), Gingelly oil, Curry leaves, Chillies, red, Onion, big, Green gram, dal, Black gram, dal, Red gram, dal, Bengal gram, dal, Coconut, kernel, fresh, Ginger, fresh, Chillies, green - all varieties, Mustard seeds",South India,vegetarian,breakfast,condiment,173.6,5.6,7.1,21.3,0.375,per 100 g finished dish,200,347.2,11.2,14.2,42.6,0.75,Adai and coconut chutney combo; per 100 g finished dish.
Appam,"Rice, raw, milled, Coconut, kernel, fresh, Black gram, dal, Table salt (sodium from NaCl), Water",South India,vegetarian,breakfast,main,138.30000000000001,3,4.0999999999999996,22,0.23300000000000001,per 100 g finished dish,200,276.60000000000002,6,8.1999999999999993,44,0.46600000000000003,Fermented appam batter model; per 100 g finished dish.
Appam + Vegetable Kurma,"Water, Table salt (sodium from NaCl), Black gram, dal, Coconut, kernel, fresh, Rice, raw, milled, Garlic, big cloves, Gingelly oil, Carrot, orange, Potato, brown skin, big, Turmeric powder, Peas, fresh, Tomato, ripe, local, Chillies, green - all varieties, Ginger, fresh, Cumin seeds, Onion, big, French beans, country",South India,vegetarian,breakfast,main,101.6,2.2000000000000002,3.7,14.5,0.21299999999999999,per 100 g finished dish,200,203.2,4.4000000000000004,7.4,29,0.42599999999999999,Appam and vegetable kurma combo; per 100 g finished dish.
Bajra Pongal,"Bajra, Green gram, dal, Ginger, fresh, Pepper, black, Cumin seeds, Ghee, Table salt (sodium from NaCl), Curry leaves, Water",South India,vegetarian,breakfast,main,108.1,4,2.8,16.100000000000001,0.253,per 100 g finished dish,200,216.2,8,5.6,32.200000000000003,0.50600000000000001,Millet pongal with bajra and moong dal; per 100 g finished dish.
Coconut Chutney,"Coconut, kernel, fresh, Bengal gram, dal, Chillies, green - all varieties, Ginger, fresh, Table salt (sodium from NaCl), Water, Mustard seeds, Gingelly oil, Curry leaves",South India,vegetarian,breakfast,condiment,177.4,2.4,16.7,4.5,0.31900000000000001,per 100 g finished dish,200,354.8,4.8,33.4,9,0.63800000000000001,Coconut chutney with tempering; per 100 g finished dish.
Dosa,"Rice, parboiled, milled, Black gram, dal, Table salt (sodium from NaCl), Gingelly oil, Water",South India,vegetarian,breakfast,main,159.1,4.5,2.1,29.8,0.28199999999999997,per 100 g finished dish,200,318.2,9,4.2,59.6,0.56399999999999995,Standard dosa batter with oil included; per 100 g finished dosa.
Dosa + Coconut Chutney,"Rice, parboiled, milled, Water, Gingelly oil, Table salt (sodium from NaCl), Black gram, dal, Coconut, kernel, fresh, Bengal gram, dal, Ginger, fresh, Chillies, green - all varieties, Curry leaves, Mustard seeds",South India,vegetarian,breakfast,condiment,164.5,3.9,6.4,22.3,0.29299999999999998,per 100 g finished dish,200,329,7.8,12.8,44.6,0.58599999999999997,Dosa and coconut chutney combo; per 100 g finished dish.
Dosa + Sambar,"Rice, parboiled, milled, Water, Gingelly oil, Table salt (sodium from NaCl), Black gram, dal, Chillies, red, Coriander seeds, Turmeric powder, Tamarind, pulp, Asafoetida, Onion, big, Drumstick, Red gram, dal, Mustard seeds, Tomato, ripe, local, Curry leaves",South India,vegetarian,breakfast,main,113.2,3.8,1.7,20,0.27600000000000002,per 100 g finished dish,200,226.4,7.6,3.4,40,0.55200000000000005,Dosa and sambar combo; per 100 g finished dish.
Dosa + Tomato Chutney,"Rice, parboiled, milled, Water, Gingelly oil, Table salt (sodium from NaCl), Black gram, dal, Curry leaves, Mustard seeds, Garlic, big cloves, Chillies, red, Onion, big, Tomato, ripe, local, Tamarind, pulp",South India,vegetarian,breakfast,condiment,126.3,3.5,2.2000000000000002,22.4,0.29399999999999998,per 100 g finished dish,200,252.6,7,4.4000000000000004,44.8,0.58799999999999997,Dosa and tomato chutney combo; per 100 g finished dish.
Ghee Dosa,"Rice, raw, milled, Black gram, dal, Table salt (sodium from NaCl), Water, Ghee",South India,vegetarian,breakfast,main,140.69999999999999,3.8,2.5,25.1,0.29699999999999999,per 100 g finished dish,200,281.39999999999998,7.6,5,50.2,0.59399999999999997,Ghee dosa standardized from dosa-style batter; per 100 g finished dish.
Idiyappam,"Rice, raw, milled, Table salt (sodium from NaCl), Water",South India,vegetarian,breakfast,main,111.4,2.5,0.2,24.4,0.29599999999999999,per 100 g finished dish,200,222.8,5,0.4,48.8,0.59199999999999997,String hoppers; per 100 g finished dish.
Idiyappam + Vegetable Kurma,"Water, Table salt (sodium from NaCl), Rice, raw, milled, Garlic, big cloves, Gingelly oil, Carrot, orange, Potato, brown skin, big, Turmeric powder, Peas, fresh, Tomato, ripe, local, Coconut, kernel, fresh, Chillies, green - all varieties, Ginger, fresh, Cumin seeds, Onion, big, French beans, country",South India,vegetarian,breakfast,main,85.9,1.9,1.4,15.9,0.25,per 100 g finished dish,200,171.8,3.8,2.8,31.8,0.5,Idiyappam and vegetable kurma combo; per 100 g finished dish.
Idli,"Rice, parboiled, milled, Black gram, dal, Table salt (sodium from NaCl), Water",South India,vegetarian,breakfast,main,146.80000000000001,4.7,0.3,30.4,0.31,per 100 g finished dish,200,293.60000000000002,9.4,0.6,60.8,0.62,Standard fermented idli batter; per 100 g finished idli.
Idli + Coconut Chutney,"Rice, parboiled, milled, Black gram, dal, Water, Table salt (sodium from NaCl), Coconut, kernel, fresh, Bengal gram, dal, Ginger, fresh, Chillies, green - all varieties, Gingelly oil, Curry leaves, Mustard seeds",South India,vegetarian,breakfast,condiment,154.5,4.0999999999999996,4.4000000000000004,23.9,0.313,per 100 g finished dish,200,309,8.1999999999999993,8.8000000000000007,47.8,0.626,Idli and coconut chutney combo; per 100 g finished dish.
Idli + Sambar,"Rice, parboiled, milled, Black gram, dal, Water, Table salt (sodium from NaCl), Chillies, red, Coriander seeds, Turmeric powder, Gingelly oil, Tamarind, pulp, Asafoetida, Onion, big, Drumstick, Red gram, dal, Mustard seeds, Tomato, ripe, local, Curry leaves",South India,vegetarian,breakfast,main,111.3,4,0.7,21.6,0.29399999999999998,per 100 g finished dish,200,222.6,8,1.4,43.2,0.58799999999999997,Idli and sambar combo; per 100 g finished dish.
Idli + Sambar + Coconut Chutney,"Rice, parboiled, milled, Black gram, dal, Water, Table salt (sodium from NaCl), Chillies, red, Coriander seeds, Turmeric powder, Gingelly oil, Tamarind, pulp, Asafoetida, Onion, big, Drumstick, Red gram, dal, Mustard seeds, Tomato, ripe, local, Curry leaves, Coconut, kernel, fresh, Bengal gram, dal, Ginger, fresh, Chillies, green - all varieties",South India,vegetarian,breakfast,condiment,125,3.8,3,20.100000000000001,0.29899999999999999,per 100 g finished dish,200,250,7.6,6,40.200000000000003,0.59799999999999998,"Idli, sambar and coconut chutney combo; per 100 g finished dish."
Kambu Koozh,"Bajra, Milk, whole, Cow, Onion, small, Table salt (sodium from NaCl), Water",South India,vegetarian,breakfast,main,64.099999999999994,2.2000000000000002,1.6,10,0.20200000000000001,per 100 g finished dish,200,128.19999999999999,4.4000000000000004,3.2,20,0.40400000000000003,Pearl millet koozh; milk used as cultured-dairy proxy.
Kara Pongal,"Rice, raw, milled, Green gram, dal, Onion, big, Tomato, ripe, local, Ginger, fresh, Chillies, green - all varieties, Ghee, Table salt (sodium from NaCl), Curry leaves, Water",South India,vegetarian,breakfast,main,90.8,2.9,1.3,16.5,0.20799999999999999,per 100 g finished dish,200,181.6,5.8,2.6,33,0.41599999999999998,Savory kara pongal estimate; per 100 g finished dish.
Onion Uthappam,"Rice, parboiled, milled, Black gram, dal, Onion, big, Table salt (sodium from NaCl), Gingelly oil, Water",South India,vegetarian,breakfast,main,142.4,3.9,2.4,25.6,0.29299999999999998,per 100 g finished dish,200,284.8,7.8,4.8,51.2,0.58599999999999997,Uthappam batter with onion topping; per 100 g finished dish.
Onion Uthappam + Sambar,"Water, Gingelly oil, Table salt (sodium from NaCl), Onion, big, Black gram, dal, Rice, parboiled, milled, Chillies, red, Coriander seeds, Turmeric powder, Tamarind, pulp, Asafoetida, Drumstick, Red gram, dal, Mustard seeds, Tomato, ripe, local, Curry leaves",South India,vegetarian,breakfast,main,107.3,3.5,1.9,18.399999999999999,0.28299999999999997,per 100 g finished dish,200,214.6,7,3.8,36.799999999999997,0.56599999999999995,Onion uthappam and sambar combo; per 100 g finished dish.
Paniyaram,"Rice, raw, milled, Black gram, dal, Onion, big, Chillies, green - all varieties, Curry leaves, Table salt (sodium from NaCl), Gingelly oil, Water",South India,vegetarian,breakfast,main,145.30000000000001,4.0999999999999996,2.2000000000000002,26.5,0.30199999999999999,per 100 g finished dish,200,290.60000000000002,8.1999999999999993,4.4000000000000004,53,0.60399999999999998,Kuzhi paniyaram style batter estimate; per 100 g finished dish.
Paniyaram + Tomato Chutney,"Rice, raw, milled, Black gram, dal, Onion, big, Chillies, green - all varieties, Curry leaves, Table salt (sodium from NaCl), Gingelly oil, Water, Mustard seeds, Garlic, big cloves, Chillies, red, Tomato, ripe, local, Tamarind, pulp",South India,vegetarian,breakfast,condiment,119.5,3.3,2.2999999999999998,20.8,0.307,per 100 g finished dish,200,239,6.6,4.5999999999999996,41.6,0.61399999999999999,Paniyaram and tomato chutney combo; per 100 g finished dish.
Pesarattu,"Green gram, dal, Rice, raw, milled, Chillies, green - all varieties, Ginger, fresh, Cumin seeds, Table salt (sodium from NaCl), Gingelly oil, Water",South India,vegetarian,breakfast,main,131.30000000000001,7.5,2.1,19.899999999999999,0.318,per 100 g finished dish,200,262.60000000000002,15,4.2,39.799999999999997,0.63600000000000001,Green gram dosa (pesarattu) style estimate; per 100 g finished dish.
Pesarattu + Coconut Chutney,"Green gram, dal, Rice, raw, milled, Chillies, green - all varieties, Ginger, fresh, Cumin seeds, Table salt (sodium from NaCl), Gingelly oil, Water, Coconut, kernel, fresh, Bengal gram, dal, Curry leaves, Mustard seeds",South India,vegetarian,breakfast,condiment,143.4,6.2,6,15.8,0.318,per 100 g finished dish,200,286.8,12.4,12,31.6,0.63600000000000001,Pesarattu and coconut chutney combo; per 100 g finished dish.
Plain Uthappam,"Rice, raw, milled, Black gram, dal, Table salt (sodium from NaCl), Water, Gingelly oil",South India,vegetarian,breakfast,main,159.5,4.5,1.9,30.2,0.318,per 100 g finished dish,200,319,9,3.8,60.4,0.63600000000000001,Plain uthappam batter and pan-cook estimate; per 100 g finished dish.
Plain Uthappam + Sambar,"Rice, raw, milled, Black gram, dal, Table salt (sodium from NaCl), Water, Gingelly oil, Chillies, red, Coriander seeds, Turmeric powder, Tamarind, pulp, Asafoetida, Onion, big, Drumstick, Red gram, dal, Mustard seeds, Tomato, ripe, local, Curry leaves",South India,vegetarian,breakfast,main,117.3,3.8,1.6,21.1,0.29699999999999999,per 100 g finished dish,200,234.6,7.6,3.2,42.2,0.59399999999999997,Plain uthappam and sambar combo; per 100 g finished dish.
Puttu,"Rice, raw, milled, Coconut, kernel, fresh, Table salt (sodium from NaCl), Water",South India,vegetarian,breakfast,main,153.6,2.8,5.0999999999999996,23.7,0.26400000000000001,per 100 g finished dish,200,307.2,5.6,10.199999999999999,47.4,0.52800000000000002,Steamed rice-coconut puttu; per 100 g finished dish.
Puttu + Vegetable Kurma,"Water, Table salt (sodium from NaCl), Coconut, kernel, fresh, Rice, raw, milled, Garlic, big cloves, Gingelly oil, Carrot, orange, Potato, brown skin, big, Turmeric powder, Peas, fresh, Tomato, ripe, local, Chillies, green - all varieties, Ginger, fresh, Cumin seeds, Onion, big, French beans, country",South India,vegetarian,breakfast,main,110.5,2.1,4.3,15.5,0.23100000000000001,per 100 g finished dish,200,221,4.2,8.6,31,0.46200000000000002,Puttu and vegetable kurma combo; per 100 g finished dish.
Ragi Dosa,"Ragi, Rice, raw, milled, Black gram, dal, Table salt (sodium from NaCl), Water, Gingelly oil",South India,vegetarian,breakfast,main,139.80000000000001,3.6,2,26.1,0.28399999999999997,per 100 g finished dish,200,279.60000000000002,7.2,4,52.2,0.56799999999999995,Ragi dosa standardized batter; per 100 g finished dish.
Ragi Dosa + Tomato Chutney,"Ragi, Rice, raw, milled, Black gram, dal, Table salt (sodium from NaCl), Water, Gingelly oil, Curry leaves, Mustard seeds, Garlic, big cloves, Chillies, red, Onion, big, Tomato, ripe, local, Tamarind, pulp",South India,vegetarian,breakfast,condiment,112.6,2.9,2.1,19.8,0.29499999999999998,per 100 g finished dish,200,225.2,5.8,4.2,39.6,0.59,Ragi dosa and tomato chutney combo; per 100 g finished dish.
Ragi Kali,"Ragi, Table salt (sodium from NaCl), Water",South India,vegetarian,breakfast,main,82.5,1.8,0.5,17.2,0.22600000000000001,per 100 g finished dish,200,165,3.6,1,34.4,0.45200000000000001,Ragi kali; per 100 g finished dish.
Rava Kichadi,"Wheat, semolina, Onion, big, Tomato, ripe, local, Carrot, orange, French beans, country, Chillies, green - all varieties, Ginger, fresh, Mustard seeds, Curry leaves, Gingelly oil, Table salt (sodium from NaCl), Water",South India,vegetarian,breakfast,main,82.6,2.4,2.2000000000000002,12.8,0.32100000000000001,per 100 g finished dish,200,165.2,4.8,4.4000000000000004,25.6,0.64200000000000002,Vegetable rava kichadi; per 100 g finished dish.
Tomato Chutney,"Tomato, ripe, local, Onion, big, Garlic, big cloves, Chillies, red, Gingelly oil, Mustard seeds, Curry leaves, Table salt (sodium from NaCl), Tamarind, pulp, Water",South India,vegetarian,breakfast,condiment,47.4,1.1000000000000001,2.5,4.8,0.32300000000000001,per 100 g finished dish,200,94.8,2.2000000000000002,5,9.6,0.64600000000000002,Tomato-onion chutney; per 100 g finished dish.
Tomato Uthappam,"Rice, raw, milled, Black gram, dal, Onion, big, Tomato, ripe, local, Chillies, green - all varieties, Table salt (sodium from NaCl), Water, Gingelly oil",South India,vegetarian,breakfast,main,137.80000000000001,3.9,1.6,26.1,0.26500000000000001,per 100 g finished dish,200,275.60000000000002,7.8,3.2,52.2,0.53,Tomato uthappam with onion topping; per 100 g finished dish.
Tomato Uthappam + Coconut Chutney,"Rice, raw, milled, Black gram, dal, Onion, big, Tomato, ripe, local, Chillies, green - all varieties, Table salt (sodium from NaCl), Water, Gingelly oil, Coconut, kernel, fresh, Bengal gram, dal, Ginger, fresh, Curry leaves, Mustard seeds",South India,vegetarian,breakfast,condiment,148.19999999999999,3.5,5.6,20.399999999999999,0.27900000000000003,per 100 g finished dish,200,296.39999999999998,7,11.2,40.799999999999997,0.55800000000000005,Tomato uthappam and coconut chutney combo; per 100 g finished dish.
Upma,"Wheat, semolina, Onion, big, Chillies, green - all varieties, Ginger, fresh, Mustard seeds, Curry leaves, Gingelly oil, Table salt (sodium from NaCl), Water",South India,vegetarian,breakfast,main,94,2.6,2.5,14.8,0.32500000000000001,per 100 g finished dish,200,188,5.2,5,29.6,0.65,Semolina upma; per 100 g finished dish.
Vegetable Semiya Kichadi,"Wheat, vermicelli, Onion, big, Carrot, orange, French beans, country, Peas, fresh, Chillies, green - all varieties, Ginger, fresh, Groundnut oil, Table salt (sodium from NaCl), Water",South India,vegetarian,breakfast,main,74.900000000000006,2.2000000000000002,1.2,13.3,0.219,per 100 g finished dish,200,149.80000000000001,4.4000000000000004,2.4,26.6,0.438,Vegetable semiya kichadi; per 100 g finished dish.
Vegetable Uthappam,"Rice, raw, milled, Black gram, dal, Onion, big, Tomato, ripe, local, Carrot, orange, Capsicum, green, Chillies, green - all varieties, Coriander leaves, Table salt (sodium from NaCl), Water, Gingelly oil",South India,vegetarian,breakfast,main,130.9,3.8,1.6,24.6,0.26,per 100 g finished dish,200,261.8,7.6,3.2,49.2,0.52,Mixed vegetable uthappam; per 100 g finished dish.
Vegetable Uthappam + Sambar,"Rice, raw, milled, Black gram, dal, Onion, big, Tomato, ripe, local, Carrot, orange, Capsicum, green, Chillies, green - all varieties, Coriander leaves, Table salt (sodium from NaCl), Water, Gingelly oil, Chillies, red, Coriander seeds, Turmeric powder, Tamarind, pulp, Asafoetida, Drumstick, Red gram, dal, Mustard seeds, Curry leaves",South India,vegetarian,breakfast,main,100.6,3.4,1.5,17.8,0.26300000000000001,per 100 g finished dish,200,201.2,6.8,3,35.6,0.52600000000000002,Vegetable uthappam and sambar combo; per 100 g finished dish.
Ven Pongal,"Rice, raw, milled, Green gram, dal, Ghee, Ginger, fresh, Cumin seeds, Pepper, black, Table salt (sodium from NaCl), Water",South India,vegetarian,breakfast,main,108.8,3.4,2.1,18.600000000000001,0.27700000000000002,per 100 g finished dish,200,217.6,6.8,4.2,37.200000000000003,0.55400000000000005,Rice-moong pongal; per 100 g finished dish.
Ven Pongal + Coconut Chutney,"Cumin seeds, Ghee, Ginger, fresh, Pepper, black, Water, Green gram, dal, Table salt (sodium from NaCl), Rice, raw, milled, Coconut, kernel, fresh, Bengal gram, dal, Chillies, green - all varieties, Gingelly oil, Curry leaves, Mustard seeds",South India,vegetarian,breakfast,condiment,126,3.2,5.7,15.1,0.28799999999999998,per 100 g finished dish,200,252,6.4,11.4,30.2,0.57599999999999996,Ven pongal and coconut chutney combo; per 100 g finished dish.
Ven Pongal + Sambar,"Cumin seeds, Ghee, Ginger, fresh, Pepper, black, Water, Green gram, dal, Table salt (sodium from NaCl), Rice, raw, milled, Chillies, red, Coriander seeds, Turmeric powder, Gingelly oil, Tamarind, pulp, Asafoetida, Onion, big, Drumstick, Red gram, dal, Mustard seeds, Tomato, ripe, local, Curry leaves",South India,vegetarian,breakfast,main,88.5,3.2,1.8,14.5,0.27400000000000002,per 100 g finished dish,200,177,6.4,3.6,29,0.54800000000000004,Ven pongal and sambar combo; per 100 g finished dish.
Vermicelli Upma,"Wheat, vermicelli, Onion, big, Carrot, orange, French beans, country, Chillies, green - all varieties, Mustard seeds, Gingelly oil, Table salt (sodium from NaCl), Water",South India,vegetarian,breakfast,main,78.8,2.1,1.4,13.9,0.20100000000000001,per 100 g finished dish,200,157.6,4.2,2.8,27.8,0.40200000000000002,Vermicelli upma; per 100 g finished dish.
Omelette,"Egg, poultry, whole, raw, Onion, big, Chillies, green - all varieties, Coriander leaves, Gingelly oil, Table salt (sodium from NaCl)",South India,non_vegetarian,breakfast/dinner,main,141.19999999999999,10.6,10.3,1.6,0.34100000000000003,per 100 g finished dish,250,353,26.5,25.8,4,0.85199999999999998,Onion omelette; per 100 g finished dish.
Anchovy Fry,"Anchovy, Onion, big, Tomato, ripe, local, Ginger, fresh, Garlic, big cloves, Chillies, red, Turmeric powder, Gingelly oil, Table salt (sodium from NaCl), Curry leaves, Water",South India,non_vegetarian,dinner,main,95.1,11.5,4.3,2.4,0.47699999999999998,per 100 g finished dish,300,285.3,34.5,12.9,7.2,1.431,Nethili fry; per 100 g finished dish.
Fish Fry,"Vanjaram, Ginger, fresh, Garlic, big cloves, Chillies, red, Turmeric powder, Gingelly oil, Table salt (sodium from NaCl), Lemon, juice",South India,non_vegetarian,dinner,main,165.7,18.899999999999999,9.1999999999999993,1.3,0.496,per 100 g finished dish,300,497.1,56.7,27.6,3.9,1.488,Vanjaram fish fry; per 100 g finished dish.
Mutton Chukka,"Goat, shoulder, meat, Onion, big, Tomato, ripe, local, Ginger, fresh, Garlic, big cloves, Pepper, black, Coriander seeds, Cumin seeds, Gingelly oil, Curry leaves, Table salt (sodium from NaCl), Water",South India,non_vegetarian,dinner,main,116.1,9.1,7.6,2.7,0.39400000000000002,per 100 g finished dish,300,348.3,27.3,22.8,8.1,1.1819999999999999,Goat-meat chukka; per 100 g finished dish.
Pepper Chicken,"Chicken, poultry, leg, skinless, Onion, big, Tomato, ripe, local, Ginger, fresh, Garlic, big cloves, Pepper, black, Cumin seeds, Curry leaves, Gingelly oil, Table salt (sodium from NaCl), Water",South India,non_vegetarian,dinner,main,212.6,9.6999999999999993,8.1999999999999993,2.2000000000000002,0.45,per 100 g finished dish,300,637.79999999999995,29.1,24.6,6.6,1.35,"Pepper chicken; semi-dry preparation, per 100 g finished dish."
Chicken Biryani,"Rice, raw, milled, Chicken, poultry, leg, skinless, Onion, big, Tomato, ripe, local, Ginger, fresh, Garlic, big cloves, Milk, whole, Cow, Ghee, Gingelly oil, Coriander leaves, Chillies, green - all varieties, Table salt (sodium from NaCl), Water",South India,non_vegetarian,lunch,main,227.4,8,6.9,19,0.35099999999999998,per 100 g finished dish,400,909.6,32,27.6,76,1.4039999999999999,Home-style chicken biryani; milk used as curd proxy in marinade.
Chicken Curry,"Chicken, poultry, leg, skinless, Onion, big, Tomato, ripe, local, Ginger, fresh, Garlic, big cloves, Coconut, kernel, fresh, Gingelly oil, Chillies, red, Coriander seeds, Cumin seeds, Turmeric powder, Table salt (sodium from NaCl), Water",South India,non_vegetarian,lunch,side,194.1,7.7,9.3000000000000007,2.9,0.38100000000000001,per 100 g finished dish,400,776.4,30.8,37.200000000000003,11.6,1.524,Tamil-style chicken curry; per 100 g finished dish.
Egg Curry,"Egg, poultry, whole, raw, Onion, big, Tomato, ripe, local, Ginger, fresh, Garlic, big cloves, Gingelly oil, Chillies, red, Coriander seeds, Cumin seeds, Turmeric powder, Table salt (sodium from NaCl), Water",South India,non_vegetarian,lunch,side,67.3,3.9,4.7,2.1,0.36499999999999999,per 100 g finished dish,400,269.2,15.6,18.8,8.4,1.46,Egg curry; per 100 g finished dish.
Fish Curry,"Vanjaram, Onion, big, Tomato, ripe, local, Tamarind, pulp, Garlic, big cloves, Ginger, fresh, Coconut, kernel, fresh, Gingelly oil, Chillies, red, Coriander seeds, Cumin seeds, Turmeric powder, Table salt (sodium from NaCl), Water",South India,non_vegetarian,lunch,side,105.1,8.3000000000000007,5.9,4.3,0.36499999999999999,per 100 g finished dish,400,420.4,33.200000000000003,23.6,17.2,1.46,Vanjaram fish curry; per 100 g finished dish.
Prawn Thokku,"Tiger prawns, brown, Onion, big, Tomato, ripe, local, Ginger, fresh, Garlic, big cloves, Chillies, red, Turmeric powder, Gingelly oil, Curry leaves, Table salt (sodium from NaCl), Water",South India,non_vegetarian,lunch,side,66.599999999999994,7,3,2.6,0.53300000000000003,per 100 g finished dish,400,266.39999999999998,28,12,10.4,2.1320000000000001,Prawn thokku; per 100 g finished dish.
Avial,"Ash gourd, Drumstick, Carrot, orange, French beans, country, Plantain, green, Coconut, kernel, fresh, Cumin seeds, Chillies, green - all varieties, Milk, whole, Cow, Coconut oil, Turmeric powder, Curry leaves, Table salt (sodium from NaCl), Water",South India,vegetarian,lunch,side,82.7,1.4,6.5,4.5,0.30299999999999999,per 100 g finished dish,400,330.8,5.6,26,18,1.212,Avial modeled with milk as curd proxy (IFCT lacks curd row).
Coconut Rice,"Rice, raw, milled, Coconut, kernel, fresh, Mustard seeds, Chillies, green - all varieties, Curry leaves, Gingelly oil, Table salt (sodium from NaCl), Water",South India,vegetarian,lunch,main,172.3,2.8,8.1,21.8,0.308,per 100 g finished dish,400,689.2,11.2,32.4,87.2,1.232,Coconut rice; per 100 g finished dish.
Curd Rice,"Rice, raw, milled, Milk, whole, Cow, Coconut, kernel, fresh, Ginger, fresh, Chillies, green - all varieties, Coriander leaves, Table salt (sodium from NaCl), Water",South India,vegetarian,lunch,main,103.8,2.8,2.6,16.899999999999999,0.25900000000000001,per 100 g finished dish,400,415.2,11.2,10.4,67.599999999999994,1.036,Curd rice modeled with whole cow milk as curd proxy (IFCT lacks curd row).
Keerai Masiyal,"Amaranth leaves, green, Onion, big, Tomato, ripe, local, Garlic, big cloves, Red gram, dal, Chillies, green - all varieties, Cumin seeds, Gingelly oil, Table salt (sodium from NaCl), Water",South India,vegetarian,lunch,side,51.5,3,1.6,5.7,0.28699999999999998,per 100 g finished dish,400,206,12,6.4,22.8,1.1479999999999999,Amaranth keerai masiyal; per 100 g finished dish.
Kootu,"Green gram, dal, Ash gourd, Carrot, orange, Coconut, kernel, fresh, Cumin seeds, Chillies, green - all varieties, Turmeric powder, Gingelly oil, Table salt (sodium from NaCl), Water",South India,vegetarian,lunch,side,78,2.8,4.2,6.9,0.314,per 100 g finished dish,400,312,11.2,16.8,27.6,1.256,Vegetable kootu; per 100 g finished dish.
Lemon Rice,"Rice, raw, milled, Lemon, juice, Ginger, fresh, Chillies, green - all varieties, Mustard seeds, Turmeric powder, Curry leaves, Gingelly oil, Table salt (sodium from NaCl), Water",South India,vegetarian,lunch,main,124.5,2.4,2.6,22.1,0.307,per 100 g finished dish,400,498,9.6,10.4,88.4,1.228,Lemon rice; per 100 g finished dish.
Rasam Rice,"Rice, raw, milled, Tomato, ripe, local, Tamarind, pulp, Garlic, big cloves, Pepper, black, Cumin seeds, Coriander leaves, Gingelly oil, Table salt (sodium from NaCl), Water",South India,vegetarian,lunch,main,101.2,2.2999999999999998,0.9,20.399999999999999,0.29399999999999998,per 100 g finished dish,400,404.8,9.1999999999999993,3.6,81.599999999999994,1.1759999999999999,Rasam rice; per 100 g finished dish.
Sambar Rice,"Rice, raw, milled, Red gram, dal, Drumstick, Carrot, orange, Tomato, ripe, local, Onion, big, Tamarind, pulp, Coriander seeds, Cumin seeds, Turmeric powder, Chillies, red, Gingelly oil, Table salt (sodium from NaCl), Water",South India,vegetarian,lunch,main,107.9,3.3,2,18.5,0.30399999999999999,per 100 g finished dish,400,431.6,13.2,8,74,1.216,Mixed-vegetable sambar sadam; per 100 g finished dish.
Tamarind Rice,"Rice, raw, milled, Tamarind, pulp, Gingelly oil, Mustard seeds, Chillies, red, Turmeric powder, Asafoetida, Curry leaves, Table salt (sodium from NaCl), Water",South India,vegetarian,lunch,main,140.5,2.6,3,25.3,0.372,per 100 g finished dish,400,562,10.4,12,101.2,1.488,Puliyodarai-style tamarind rice; per 100 g finished dish.
Tomato Rice,"Rice, raw, milled, Tomato, ripe, local, Onion, big, Ginger, fresh, Garlic, big cloves, Chillies, green - all varieties, Coriander seeds, Cumin seeds, Turmeric powder, Gingelly oil, Table salt (sodium from NaCl), Water",South India,vegetarian,lunch,main,117,2.5,2.4,20.8,0.31900000000000001,per 100 g finished dish,400,468,10,9.6,83.2,1.276,Tomato rice; per 100 g finished dish.
Anchovy Curry,"Anchovy, Onion, small, Tomato, ripe, local, Tamarind, pulp, Garlic, big cloves, Gingelly oil, Chillies, red, Coriander seeds, Cumin seeds, Turmeric powder, Table salt (sodium from NaCl), Water",South India,non_vegetarian,lunch/dinner,side,66.7,6.3,2.6,4.2,0.32500000000000001,per 100 g finished dish,400,266.8,25.2,10.4,16.8,1.3,Anchovy tamarind curry; per 100 g finished dish.
Chicken Biryani + Omelette,"Milk, whole, Cow, Ghee, Gingelly oil, Coriander leaves, Chillies, green - all varieties, Table salt (sodium from NaCl), Water, Garlic, big cloves, Ginger, fresh, Onion, big, Tomato, ripe, local, Chicken, poultry, leg, skinless, Rice, raw, milled, Egg, poultry, whole, raw",South India,non_vegetarian,lunch/dinner,main,192.9,9.1,8.1999999999999993,12,0.34699999999999998,per 100 g finished dish,400,771.6,36.4,32.799999999999997,48,1.3879999999999999,Chicken biryani and omelette combo; per 100 g finished dish.
Chicken Masala,"Chicken, poultry, leg, skinless, Onion, big, Tomato, ripe, local, Ginger, fresh, Garlic, big cloves, Coriander seeds, Cumin seeds, Chillies, red, Turmeric powder, Groundnut oil, Table salt (sodium from NaCl), Water",South India,non_vegetarian,lunch/dinner,side,162.5,7.4,6.2,2.4,0.25800000000000001,per 100 g finished dish,400,650,29.6,24.8,9.6,1.032,Chicken masala gravy; per 100 g finished dish.
Chicken Sukka,"Chicken, poultry, leg, skinless, Onion, big, Tomato, ripe, local, Ginger, fresh, Garlic, big cloves, Coconut, kernel, fresh, Gingelly oil, Pepper, black, Chillies, red, Coriander seeds, Cumin seeds, Turmeric powder, Curry leaves, Table salt (sodium from NaCl), Water",South India,non_vegetarian,lunch/dinner,main,229.9,9.6,10.3,3.1,0.33900000000000002,per 100 g finished dish,400,919.6,38.4,41.2,12.4,1.3560000000000001,Dry-style chicken sukka; per 100 g finished dish.
Coconut Rice + Chicken Curry,"Rice, raw, milled, Curry leaves, Chillies, green - all varieties, Mustard seeds, Gingelly oil, Table salt (sodium from NaCl), Coconut, kernel, fresh, Water, Turmeric powder, Cumin seeds, Coriander seeds, Chillies, red, Garlic, big cloves, Ginger, fresh, Tomato, ripe, local, Onion, big, Chicken, poultry, leg, skinless",South India,non_vegetarian,lunch/dinner,main,182.1,5,8.6,13.3,0.34100000000000003,per 100 g finished dish,400,728.4,20,34.4,53.2,1.3640000000000001,Coconut rice and chicken curry combo; per 100 g finished dish.
Egg Biryani,"Rice, raw, milled, Egg, poultry, whole, raw, Onion, big, Tomato, ripe, local, Ginger, fresh, Garlic, big cloves, Milk, whole, Cow, Ghee, Gingelly oil, Coriander leaves, Chillies, green - all varieties, Table salt (sodium from NaCl), Water",South India,non_vegetarian,lunch/dinner,main,139.80000000000001,4.9000000000000004,4.8,18.899999999999999,0.35599999999999998,per 100 g finished dish,400,559.20000000000005,19.600000000000001,19.2,75.599999999999994,1.4239999999999999,Egg biryani; per 100 g finished dish.
Egg Biryani + Chicken Curry,"Coriander leaves, Table salt (sodium from NaCl), Water, Chillies, green - all varieties, Ghee, Milk, whole, Cow, Garlic, big cloves, Gingelly oil, Tomato, ripe, local, Onion, big, Egg, poultry, whole, raw, Rice, raw, milled, Ginger, fresh, Turmeric powder, Cumin seeds, Coriander seeds, Chillies, red, Coconut, kernel, fresh, Chicken, poultry, leg, skinless",South India,non_vegetarian,lunch/dinner,main,164.2,6.2,6.8,11.7,0.36699999999999999,per 100 g finished dish,400,656.8,24.8,27.2,46.8,1.468,Egg biryani and chicken curry combo; per 100 g finished dish.
Egg Masala,"Egg, poultry, whole, raw, Onion, big, Tomato, ripe, local, Ginger, fresh, Garlic, big cloves, Coriander seeds, Cumin seeds, Turmeric powder, Groundnut oil, Table salt (sodium from NaCl), Water",South India,non_vegetarian,lunch/dinner,side,71.2,4.5,4.5999999999999996,2.8,0.34899999999999998,per 100 g finished dish,400,284.8,18,18.399999999999999,11.2,1.3959999999999999,Egg masala gravy; per 100 g finished dish.
Egg Roast,"Egg, poultry, whole, raw, Onion, big, Tomato, ripe, local, Ginger, fresh, Garlic, big cloves, Chillies, red, Coriander seeds, Turmeric powder, Groundnut oil, Table salt (sodium from NaCl), Water",South India,non_vegetarian,lunch/dinner,side,95,6.1,6.2,3.6,0.47,per 100 g finished dish,400,380,24.4,24.8,14.4,1.88,Egg roast masala; per 100 g finished dish.
Fish Biryani,"Rice, raw, milled, Vanjaram, Onion, big, Tomato, ripe, local, Ginger, fresh, Garlic, big cloves, Milk, whole, Cow, Ghee, Gingelly oil, Coriander leaves, Chillies, green - all varieties, Table salt (sodium from NaCl), Water",South India,non_vegetarian,lunch/dinner,main,142.4,7.8,4.0999999999999996,18.2,0.34,per 100 g finished dish,400,569.6,31.2,16.399999999999999,72.8,1.36,Fish biryani; per 100 g finished dish.
Fish Biryani + Egg Curry,"Gingelly oil, Table salt (sodium from NaCl), Rice, raw, milled, Vanjaram, Onion, big, Tomato, ripe, local, Ginger, fresh, Garlic, big cloves, Milk, whole, Cow, Ghee, Coriander leaves, Chillies, green - all varieties, Water, Turmeric powder, Cumin seeds, Coriander seeds, Chillies, red, Egg, poultry, whole, raw",South India,non_vegetarian,lunch/dinner,main,108.6,6,4.4000000000000004,11,0.35199999999999998,per 100 g finished dish,400,434.4,24,17.600000000000001,44,1.4079999999999999,Fish biryani and egg curry combo; per 100 g finished dish.
Lemon Rice + Egg Curry,"Chillies, green - all varieties, Mustard seeds, Turmeric powder, Gingelly oil, Table salt (sodium from NaCl), Curry leaves, Lemon, juice, Water, Ginger, fresh, Rice, raw, milled, Cumin seeds, Coriander seeds, Chillies, red, Garlic, big cloves, Tomato, ripe, local, Egg, poultry, whole, raw, Onion, big",South India,non_vegetarian,lunch/dinner,main,98.8,3.1,3.6,13.1,0.33300000000000002,per 100 g finished dish,400,395.2,12.4,14.4,52.4,1.3320000000000001,Lemon rice and egg curry combo; per 100 g finished dish.
Mutton Biryani,"Rice, raw, milled, Goat, shoulder, meat, Onion, big, Tomato, ripe, local, Ginger, fresh, Garlic, big cloves, Milk, whole, Cow, Ghee, Gingelly oil, Coriander leaves, Chillies, green - all varieties, Table salt (sodium from NaCl), Water",South India,non_vegetarian,lunch/dinner,main,148.1,7.2,5.8,16.399999999999999,0.29699999999999999,per 100 g finished dish,400,592.4,28.8,23.2,65.599999999999994,1.1879999999999999,Mutton biryani; per 100 g finished dish.
Mutton Biryani + Egg Curry,"Onion, big, Tomato, ripe, local, Ginger, fresh, Garlic, big cloves, Milk, whole, Cow, Gingelly oil, Water, Goat, shoulder, meat, Table salt (sodium from NaCl), Chillies, green - all varieties, Coriander leaves, Ghee, Rice, raw, milled, Turmeric powder, Cumin seeds, Coriander seeds, Chillies, red, Egg, poultry, whole, raw",South India,non_vegetarian,lunch/dinner,main,111.8,5.8,5.3,10,0.32800000000000001,per 100 g finished dish,400,447.2,23.2,21.2,40,1.3120000000000001,Mutton biryani and egg curry combo; per 100 g finished dish.
Mutton Curry,"Goat, shoulder, meat, Onion, big, Tomato, ripe, local, Ginger, fresh, Garlic, big cloves, Coconut, kernel, fresh, Gingelly oil, Chillies, red, Coriander seeds, Cumin seeds, Turmeric powder, Table salt (sodium from NaCl), Water",South India,non_vegetarian,lunch/dinner,side,113.2,8.1999999999999993,7.8,2.5,0.307,per 100 g finished dish,400,452.8,32.799999999999997,31.2,10,1.228,Mutton curry; per 100 g finished dish.
Mutton Pepper Fry,"Goat, shoulder, meat, Onion, big, Tomato, ripe, local, Ginger, fresh, Garlic, big cloves, Pepper, black, Cumin seeds, Coriander seeds, Coconut, kernel, fresh, Gingelly oil, Curry leaves, Turmeric powder, Table salt (sodium from NaCl), Water",South India,non_vegetarian,lunch/dinner,main,117.8,8,8.1,3.1,0.29299999999999998,per 100 g finished dish,400,471.2,32,32.4,12.4,1.1719999999999999,Mutton pepper fry; per 100 g finished dish.
Prawn Curry,"Tiger prawns, brown, Onion, big, Tomato, ripe, local, Tamarind, pulp, Garlic, big cloves, Ginger, fresh, Coconut, kernel, fresh, Gingelly oil, Chillies, red, Coriander seeds, Cumin seeds, Turmeric powder, Table salt (sodium from NaCl), Water",South India,non_vegetarian,lunch/dinner,side,72.900000000000006,5.3,4,3.8,0.33600000000000002,per 100 g finished dish,400,291.60000000000002,21.2,16,15.2,1.3440000000000001,Prawn curry; per 100 g finished dish.
Prawn Masala,"Tiger prawns, brown, Onion, big, Tomato, ripe, local, Ginger, fresh, Garlic, big cloves, Coriander seeds, Cumin seeds, Chillies, red, Turmeric powder, Gingelly oil, Table salt (sodium from NaCl), Water",South India,non_vegetarian,lunch/dinner,side,58.8,6.1,2.4,2.9,0.372,per 100 g finished dish,400,235.2,24.4,9.6,11.6,1.488,Prawn masala gravy; per 100 g finished dish.
Tamarind Rice + Fish Fry,"Rice, raw, milled, Tamarind, pulp, Gingelly oil, Mustard seeds, Chillies, red, Asafoetida, Curry leaves, Water, Turmeric powder, Table salt (sodium from NaCl), Vanjaram, Garlic, big cloves, Lemon, juice, Ginger, fresh",South India,non_vegetarian,lunch/dinner,main,151.9,9.9,5.8,14.5,0.42799999999999999,per 100 g finished dish,400,607.6,39.6,23.2,58,1.712,Tamarind rice and fish fry combo; per 100 g finished dish.
Tomato Rice + Chicken Curry,"Tomato, ripe, local, Ginger, fresh, Water, Table salt (sodium from NaCl), Gingelly oil, Turmeric powder, Cumin seeds, Coriander seeds, Chillies, green - all varieties, Garlic, big cloves, Onion, big, Rice, raw, milled, Chillies, red, Coconut, kernel, fresh, Chicken, poultry, leg, skinless",South India,non_vegetarian,lunch/dinner,main,151.69999999999999,4.8,5.5,12.7,0.34699999999999998,per 100 g finished dish,400,606.79999999999995,19.2,22,50.8,1.3879999999999999,Tomato rice and chicken curry combo; per 100 g finished dish.
Vegetable Biryani + Egg Curry,"Potato, brown skin, big, Tomato, ripe, local, Chillies, green - all varieties, Garlic, big cloves, Onion, big, French beans, country, Peas, fresh, Milk, whole, Cow, Ghee, Gingelly oil, Ginger, fresh, Water, Table salt (sodium from NaCl), Coriander leaves, Carrot, orange, Rice, raw, milled, Turmeric powder, Cumin seeds, Coriander seeds, Chillies, red, Egg, poultry, whole, raw",South India,non_vegetarian,lunch/dinner,main,93.7,3.3,3.6,11.7,0.34,per 100 g finished dish,400,374.8,13.2,14.4,46.8,1.36,Vegetable biryani and egg curry combo; per 100 g finished dish.
White Rice + Anchovy Curry,"Rice, raw, milled, Water, Table salt (sodium from NaCl), Turmeric powder, Cumin seeds, Coriander seeds, Chillies, red, Onion, small, Garlic, big cloves, Tamarind, pulp, Tomato, ripe, local, Anchovy, Gingelly oil",South India,non_vegetarian,lunch/dinner,main,88.8,4.2,1.2,14.8,0.14699999999999999,per 100 g finished dish,400,355.2,16.8,4.8,59.2,0.58799999999999997,Rice and anchovy curry combo; per 100 g finished dish.
White Rice + Chicken Curry,"Rice, raw, milled, Water, Turmeric powder, Cumin seeds, Coriander seeds, Chillies, red, Gingelly oil, Coconut, kernel, fresh, Garlic, big cloves, Ginger, fresh, Tomato, ripe, local, Onion, big, Chicken, poultry, leg, skinless, Table salt (sodium from NaCl)",South India,non_vegetarian,lunch/dinner,main,146.19999999999999,4.8,4.3,14.2,0.17199999999999999,per 100 g finished dish,400,584.79999999999995,19.2,17.2,56.8,0.68799999999999994,Rice and chicken curry combo; per 100 g finished dish.
White Rice + Chicken Curry + Cabbage Poriyal,"Rice, raw, milled, Water, Turmeric powder, Cumin seeds, Coriander seeds, Chillies, red, Gingelly oil, Coconut, kernel, fresh, Garlic, big cloves, Ginger, fresh, Tomato, ripe, local, Onion, big, Chicken, poultry, leg, skinless, Table salt (sodium from NaCl), Chillies, green - all varieties, Cabbage, green, Mustard seeds",South India,non_vegetarian,lunch/dinner,main,127,3.9,4.3,12.4,0.18,per 100 g finished dish,400,508,15.6,17.2,49.6,0.72,"Rice, chicken curry and cabbage poriyal combo; per 100 g finished dish."
White Rice + Chicken Masala,"Rice, raw, milled, Water, Chicken, poultry, leg, skinless, Onion, big, Tomato, ripe, local, Ginger, fresh, Garlic, big cloves, Coriander seeds, Cumin seeds, Chillies, red, Turmeric powder, Groundnut oil, Table salt (sodium from NaCl)",South India,non_vegetarian,lunch/dinner,main,131.9,4.5999999999999996,2.9,14,0.11700000000000001,per 100 g finished dish,400,527.6,18.399999999999999,11.6,56,0.46800000000000003,Rice and chicken masala combo; per 100 g finished dish.
White Rice + Chicken Sukka,"Rice, raw, milled, Water, Table salt (sodium from NaCl), Curry leaves, Chicken, poultry, leg, skinless, Onion, big, Cumin seeds, Pepper, black, Gingelly oil, Coconut, kernel, fresh, Garlic, big cloves, Ginger, fresh, Tomato, ripe, local, Turmeric powder, Chillies, red, Coriander seeds",South India,non_vegetarian,lunch/dinner,main,162.30000000000001,5.6,4.7,14.3,0.153,per 100 g finished dish,400,649.20000000000005,22.4,18.8,57.2,0.61199999999999999,Rice and chicken sukka combo; per 100 g finished dish.
White Rice + Egg Curry,"Rice, raw, milled, Water, Table salt (sodium from NaCl), Turmeric powder, Cumin seeds, Coriander seeds, Chillies, red, Gingelly oil, Garlic, big cloves, Tomato, ripe, local, Ginger, fresh, Egg, poultry, whole, raw, Onion, big",South India,non_vegetarian,lunch/dinner,main,89.1,3.1,2.2000000000000002,13.9,0.16500000000000001,per 100 g finished dish,400,356.4,12.4,8.8000000000000007,55.6,0.66,Rice and egg curry combo; per 100 g finished dish.
White Rice + Egg Curry + Beans Poriyal,"Rice, raw, milled, Water, Table salt (sodium from NaCl), Turmeric powder, Cumin seeds, Coriander seeds, Chillies, red, Gingelly oil, Garlic, big cloves, Tomato, ripe, local, Ginger, fresh, Egg, poultry, whole, raw, Onion, big, French beans, country, Mustard seeds, Chillies, green - all varieties, Coconut, kernel, fresh",South India,non_vegetarian,lunch/dinner,main,88.5,2.9,3,12.1,0.18,per 100 g finished dish,400,354,11.6,12,48.4,0.72,"Rice, egg curry and beans poriyal combo; per 100 g finished dish."
White Rice + Egg Masala,"Rice, raw, milled, Water, Egg, poultry, whole, raw, Onion, big, Tomato, ripe, local, Ginger, fresh, Garlic, big cloves, Coriander seeds, Cumin seeds, Turmeric powder, Groundnut oil, Table salt (sodium from NaCl)",South India,non_vegetarian,lunch/dinner,main,90.8,3.3,2.2000000000000002,14.2,0.157,per 100 g finished dish,400,363.2,13.2,8.8000000000000007,56.8,0.628,Rice and egg masala combo; per 100 g finished dish.
White Rice + Egg Roast,"Rice, raw, milled, Water, Egg, poultry, whole, raw, Onion, big, Tomato, ripe, local, Ginger, fresh, Garlic, big cloves, Chillies, red, Coriander seeds, Turmeric powder, Groundnut oil, Table salt (sodium from NaCl)",South India,non_vegetarian,lunch/dinner,main,101.5,4,2.9,14.5,0.21199999999999999,per 100 g finished dish,400,406,16,11.6,58,0.84799999999999998,Rice and egg roast combo; per 100 g finished dish.
White Rice + Fish Curry,"Rice, raw, milled, Water, Table salt (sodium from NaCl), Tomato, ripe, local, Tamarind, pulp, Garlic, big cloves, Ginger, fresh, Coconut, kernel, fresh, Gingelly oil, Chillies, red, Coriander seeds, Cumin seeds, Turmeric powder, Vanjaram, Onion, big",South India,non_vegetarian,lunch/dinner,main,106.1,5.0999999999999996,2.8,14.9,0.16500000000000001,per 100 g finished dish,400,424.4,20.399999999999999,11.2,59.6,0.66,Rice and fish curry combo; per 100 g finished dish.
White Rice + Fish Curry + Beans Poriyal,"Rice, raw, milled, Water, Table salt (sodium from NaCl), Tomato, ripe, local, Tamarind, pulp, Garlic, big cloves, Ginger, fresh, Coconut, kernel, fresh, Gingelly oil, Chillies, red, Coriander seeds, Cumin seeds, Turmeric powder, Vanjaram, Onion, big, French beans, country, Mustard seeds, Chillies, green - all varieties",South India,non_vegetarian,lunch/dinner,main,100.8,4.3,3.4,12.8,0.18,per 100 g finished dish,400,403.2,17.2,13.6,51.2,0.72,"Rice, fish curry and beans poriyal combo; per 100 g finished dish."
White Rice + Fish Fry,"Rice, raw, milled, Water, Vanjaram, Garlic, big cloves, Chillies, red, Turmeric powder, Gingelly oil, Table salt (sodium from NaCl), Lemon, juice, Ginger, fresh",South India,non_vegetarian,lunch/dinner,main,133.4,9.8000000000000007,4.2,13.5,0.224,per 100 g finished dish,400,533.6,39.200000000000003,16.8,54,0.89600000000000002,Rice and fish fry combo; per 100 g finished dish.
White Rice + Mutton Chukka,"Rice, raw, milled, Water, Onion, big, Pepper, black, Goat, shoulder, meat, Tomato, ripe, local, Ginger, fresh, Garlic, big cloves, Coriander seeds, Cumin seeds, Gingelly oil, Curry leaves, Table salt (sodium from NaCl)",South India,non_vegetarian,lunch/dinner,main,111,5.4,3.5,14.1,0.17699999999999999,per 100 g finished dish,400,444,21.6,14,56.4,0.70799999999999996,Rice and mutton chukka combo; per 100 g finished dish.
White Rice + Mutton Curry,"Rice, raw, milled, Water, Table salt (sodium from NaCl), Onion, big, Tomato, ripe, local, Ginger, fresh, Garlic, big cloves, Coconut, kernel, fresh, Gingelly oil, Chillies, red, Turmeric powder, Cumin seeds, Coriander seeds, Goat, shoulder, meat",South India,non_vegetarian,lunch/dinner,main,109.7,5,3.6,14,0.13800000000000001,per 100 g finished dish,400,438.8,20,14.4,56,0.55200000000000005,Rice and mutton curry combo; per 100 g finished dish.
White Rice + Mutton Curry + Cabbage Poriyal,"Rice, raw, milled, Water, Table salt (sodium from NaCl), Onion, big, Tomato, ripe, local, Ginger, fresh, Garlic, big cloves, Coconut, kernel, fresh, Gingelly oil, Chillies, red, Turmeric powder, Cumin seeds, Coriander seeds, Goat, shoulder, meat, Chillies, green - all varieties, Cabbage, green, Mustard seeds",South India,non_vegetarian,lunch/dinner,main,100.7,4.0999999999999996,3.8,12.3,0.156,per 100 g finished dish,400,402.8,16.399999999999999,15.2,49.2,0.624,"Rice, mutton curry and cabbage poriyal combo; per 100 g finished dish."
White Rice + Mutton Pepper Fry,"Rice, raw, milled, Water, Goat, shoulder, meat, Onion, big, Tomato, ripe, local, Ginger, fresh, Garlic, big cloves, Pepper, black, Cumin seeds, Coriander seeds, Coconut, kernel, fresh, Gingelly oil, Curry leaves, Turmeric powder, Table salt (sodium from NaCl)",South India,non_vegetarian,lunch/dinner,main,111.8,4.9000000000000004,3.7,14.3,0.13200000000000001,per 100 g finished dish,400,447.2,19.600000000000001,14.8,57.2,0.52800000000000002,Rice and mutton pepper fry combo; per 100 g finished dish.
White Rice + Omelette,"Rice, raw, milled, Water, Egg, poultry, whole, raw, Onion, big, Coriander leaves, Gingelly oil, Table salt (sodium from NaCl), Chillies, green - all varieties",South India,non_vegetarian,lunch/dinner,main,120.6,5.7,4.2,14.7,0.13700000000000001,per 100 g finished dish,400,482.4,22.8,16.8,58.8,0.54800000000000004,Rice and omelette combo; per 100 g finished dish.
White Rice + Pepper Chicken,"Rice, raw, milled, Water, Chicken, poultry, leg, skinless, Onion, big, Tomato, ripe, local, Ginger, fresh, Garlic, big cloves, Pepper, black, Cumin seeds, Curry leaves, Gingelly oil, Table salt (sodium from NaCl)",South India,non_vegetarian,lunch/dinner,main,154.5,5.7,3.8,13.9,0.20300000000000001,per 100 g finished dish,400,618,22.8,15.2,55.6,0.81200000000000006,Rice and pepper chicken combo; per 100 g finished dish.
White Rice + Prawn Curry,"Rice, raw, milled, Water, Onion, big, Tiger prawns, brown, Cumin seeds, Coriander seeds, Tomato, ripe, local, Garlic, big cloves, Gingelly oil, Coconut, kernel, fresh, Ginger, fresh, Table salt (sodium from NaCl), Tamarind, pulp, Chillies, red, Turmeric powder",South India,non_vegetarian,lunch/dinner,main,91.6,3.7,1.9,14.6,0.152,per 100 g finished dish,400,366.4,14.8,7.6,58.4,0.60799999999999998,Rice and prawn curry combo; per 100 g finished dish.
White Rice + Prawn Masala,"Rice, raw, milled, Water, Tiger prawns, brown, Onion, big, Tomato, ripe, local, Ginger, fresh, Garlic, big cloves, Coriander seeds, Cumin seeds, Chillies, red, Turmeric powder, Gingelly oil, Table salt (sodium from NaCl)",South India,non_vegetarian,lunch/dinner,main,85.3,4,1.2,14.2,0.16800000000000001,per 100 g finished dish,400,341.2,16,4.8,56.8,0.67200000000000004,Rice and prawn masala combo; per 100 g finished dish.
White Rice + Prawn Thokku,"Rice, raw, milled, Water, Turmeric powder, Tomato, ripe, local, Garlic, big cloves, Chillies, red, Gingelly oil, Curry leaves, Table salt (sodium from NaCl), Tiger prawns, brown, Ginger, fresh, Onion, big",South India,non_vegetarian,lunch/dinner,main,88.8,4.5,1.4,14.1,0.24,per 100 g finished dish,400,355.2,18,5.6,56.4,0.96,Rice and prawn thokku combo; per 100 g finished dish.
Amaranth Poriyal,"Amaranth leaves, green, Onion, big, Coconut, kernel, fresh, Mustard seeds, Chillies, red, Groundnut oil, Table salt (sodium from NaCl)",South India,vegetarian,lunch/dinner,side,92.4,3.1,6.8,4.2,0.45800000000000002,per 100 g finished dish,400,369.6,12.4,27.2,16.8,1.8320000000000001,Amaranth greens poriyal; per 100 g finished dish.
Beans Poriyal,"French beans, country, Onion, big, Coconut, kernel, fresh, Chillies, green - all varieties, Mustard seeds, Gingelly oil, Table salt (sodium from NaCl), Water",South India,vegetarian,lunch/dinner,side,82.4,2.2999999999999998,6.3,3.8,0.27100000000000002,per 100 g finished dish,400,329.6,9.1999999999999993,25.2,15.2,1.0840000000000001,Beans poriyal with coconut; per 100 g finished dish.
Brinjal Kara Kuzhambu,"Brinjal 1, Onion, small, Tomato, ripe, local, Tamarind, pulp, Garlic, big cloves, Gingelly oil, Mustard seeds, Chillies, red, Coriander seeds, Turmeric powder, Curry leaves, Table salt (sodium from NaCl), Water",South India,vegetarian,lunch/dinner,side,49.1,1.2,2.4,5.2,0.26600000000000001,per 100 g finished dish,400,196.4,4.8,9.6,20.8,1.0640000000000001,Brinjal tamarind kuzhambu; per 100 g finished dish.
Cabbage Kootu,"Cabbage, green, Red gram, dal, Coconut, kernel, fresh, Cumin seeds, Chillies, green - all varieties, Turmeric powder, Table salt (sodium from NaCl), Water",South India,vegetarian,lunch/dinner,side,48.2,2.2000000000000002,1.9,5.3,0.247,per 100 g finished dish,400,192.8,8.8000000000000007,7.6,21.2,0.98799999999999999,Cabbage kootu; per 100 g finished dish.
Cabbage Poriyal,"Cabbage, green, Onion, big, Coconut, kernel, fresh, Chillies, green - all varieties, Mustard seeds, Gingelly oil, Table salt (sodium from NaCl), Water",South India,vegetarian,lunch/dinner,side,70.3,1.5,5.2,4,0.249,per 100 g finished dish,400,281.2,6,20.8,16,0.996,Cabbage poriyal with coconut; per 100 g finished dish.
Carrot Poriyal,"Carrot, orange, Onion, big, Coconut, kernel, fresh, Chillies, green - all varieties, Mustard seeds, Gingelly oil, Table salt (sodium from NaCl), Water",South India,vegetarian,lunch/dinner,side,84.1,1.3,6,5.7,0.30299999999999999,per 100 g finished dish,400,336.4,5.2,24,22.8,1.212,Carrot poriyal with coconut; per 100 g finished dish.
Cauliflower Poriyal,"Cauliflower, Onion, big, Coconut, kernel, fresh, Chillies, green - all varieties, Mustard seeds, Gingelly oil, Table salt (sodium from NaCl), Water",South India,vegetarian,lunch/dinner,side,65.8,1.9,5,3,0.25800000000000001,per 100 g finished dish,400,263.2,7.6,20,12,1.032,Cauliflower poriyal with coconut; per 100 g finished dish.
Lemon Rasam,"Tamarind, pulp, Tomato, ripe, local, Cumin seeds, Pepper, black, Coriander seeds, Curry leaves, Lemon, juice, Garlic, big cloves, Table salt (sodium from NaCl), Water",South India,vegetarian,lunch/dinner,side,8.9,0.3,0.2,1.3,0.20200000000000001,per 100 g finished dish,400,35.6,1.2,0.8,5.2,0.80800000000000005,Lemon rasam; per 100 g finished dish.
Pepper Rasam,"Tamarind, pulp, Garlic, big cloves, Cumin seeds, Pepper, black, Coriander seeds, Curry leaves, Table salt (sodium from NaCl), Tomato, ripe, local, Water",South India,vegetarian,lunch/dinner,side,12.8,0.4,0.2,2.2000000000000002,0.20899999999999999,per 100 g finished dish,400,51.2,1.6,0.8,8.8000000000000007,0.83599999999999997,Pepper rasam; per 100 g finished dish.
Potato Poriyal,"Potato, brown skin, big, Onion, big, Mustard seeds, Turmeric powder, Curry leaves, Groundnut oil, Table salt (sodium from NaCl)",South India,vegetarian,lunch/dinner,side,91.1,1.7,3.1,13.5,0.52100000000000002,per 100 g finished dish,400,364.4,6.8,12.4,54,2.0840000000000001,Potato poriyal; per 100 g finished dish.
Rasam,"Tomato, ripe, local, Tamarind, pulp, Garlic, big cloves, Pepper, black, Cumin seeds, Coriander leaves, Curry leaves, Mustard seeds, Gingelly oil, Table salt (sodium from NaCl), Water",South India,vegetarian,lunch/dinner,side,15.5,0.4,0.6,1.9,0.2,per 100 g finished dish,400,62,1.6,2.4,7.6,0.8,Standard tomato-pepper rasam; per 100 g finished dish.
Raw Banana Roast,"Plantain, green, Onion, big, Chillies, red, Turmeric powder, Mustard seeds, Groundnut oil, Table salt (sodium from NaCl)",South India,vegetarian,lunch/dinner,side,109,1.4,3.9,16.3,0.57799999999999996,per 100 g finished dish,400,436,5.6,15.6,65.2,2.3119999999999998,Raw banana roast; per 100 g finished dish.
Sambar,"Red gram, dal, Drumstick, Onion, big, Tomato, ripe, local, Tamarind, pulp, Gingelly oil, Chillies, red, Coriander seeds, Turmeric powder, Asafoetida, Mustard seeds, Curry leaves, Table salt (sodium from NaCl), Water",South India,vegetarian,lunch/dinner,side,58.1,2.9,1.2,8.4,0.26900000000000002,per 100 g finished dish,400,232.4,11.6,4.8,33.6,1.0760000000000001,Drumstick-onion sambar; per 100 g finished dish.
Spinach Kootu,"Spinach, Red gram, dal, Coconut, kernel, fresh, Cumin seeds, Chillies, green - all varieties, Turmeric powder, Table salt (sodium from NaCl), Water",South India,vegetarian,lunch/dinner,side,49,2.2999999999999998,2.1,5,0.254,per 100 g finished dish,400,196,9.1999999999999993,8.4,20,1.016,Spinach kootu; per 100 g finished dish.
Spinach Poriyal,"Spinach, Onion, big, Coconut, kernel, fresh, Mustard seeds, Chillies, red, Groundnut oil, Table salt (sodium from NaCl)",South India,vegetarian,lunch/dinner,side,88.2,2.2999999999999998,6.8,4.0999999999999996,0.47599999999999998,per 100 g finished dish,400,352.8,9.1999999999999993,27.2,16.399999999999999,1.9039999999999999,Spinach poriyal; per 100 g finished dish.
Tomato Rasam,"Tomato, ripe, local, Tamarind, pulp, Garlic, big cloves, Cumin seeds, Pepper, black, Coriander seeds, Curry leaves, Table salt (sodium from NaCl), Water",South India,vegetarian,lunch/dinner,side,12.7,0.4,0.2,2.2000000000000002,0.19800000000000001,per 100 g finished dish,400,50.8,1.6,0.8,8.8000000000000007,0.79200000000000004,Tomato rasam; per 100 g finished dish.
Vegetable Biryani,"Rice, raw, milled, Onion, big, Tomato, ripe, local, Potato, brown skin, big, Carrot, orange, French beans, country, Peas, fresh, Milk, whole, Cow, Ghee, Gingelly oil, Ginger, fresh, Garlic, big cloves, Chillies, green - all varieties, Coriander leaves, Table salt (sodium from NaCl), Water",South India,vegetarian,lunch/dinner,main,115.3,2.7,2.7,19.5,0.32,per 100 g finished dish,400,461.2,10.8,10.8,78,1.28,Vegetable biryani; per 100 g finished dish.
Vegetable Kurma,"Potato, brown skin, big, Carrot, orange, French beans, country, Peas, fresh, Onion, big, Tomato, ripe, local, Coconut, kernel, fresh, Chillies, green - all varieties, Ginger, fresh, Garlic, big cloves, Cumin seeds, Turmeric powder, Gingelly oil, Table salt (sodium from NaCl), Water",South India,vegetarian,lunch/dinner,side,50.3,1.2,3.2,4,0.185,per 100 g finished dish,400,201.2,4.8,12.8,16,0.74,Mixed vegetable kurma; per 100 g finished dish.
White Rice,"Rice, raw, milled, Water",South India,vegetarian,lunch/dinner,side,106.9,2.4,0.2,23.5,1E-3,per 100 g finished dish,400,427.6,9.6,0.8,94,4.0000000000000001E-3,Plain cooked white rice; per 100 g finished dish.
White Rice + Avial,"Rice, raw, milled, Water, Chillies, green - all varieties, Milk, whole, Cow, Curry leaves, Turmeric powder, Cumin seeds, Coconut oil, Coconut, kernel, fresh, Drumstick, French beans, country, Carrot, orange, Ash gourd, Plantain, green, Table salt (sodium from NaCl)",South India,vegetarian,lunch/dinner,main,96,2,3,14.9,0.13700000000000001,per 100 g finished dish,400,384,8,12,59.6,0.54800000000000004,Rice and avial combo; per 100 g finished dish.
White Rice + Beans Poriyal,"Rice, raw, milled, Water, French beans, country, Gingelly oil, Mustard seeds, Chillies, green - all varieties, Coconut, kernel, fresh, Onion, big, Table salt (sodium from NaCl)",South India,vegetarian,lunch/dinner,main,97.7,2.4,2.5,16.100000000000001,0.10199999999999999,per 100 g finished dish,400,390.8,9.6,10,64.400000000000006,0.40799999999999997,Rice and beans poriyal combo; per 100 g finished dish.
White Rice + Brinjal Kara Kuzhambu,"Rice, raw, milled, Water, Chillies, red, Coriander seeds, Turmeric powder, Curry leaves, Table salt (sodium from NaCl), Garlic, big cloves, Tamarind, pulp, Tomato, ripe, local, Gingelly oil, Brinjal 1, Mustard seeds, Onion, small",South India,vegetarian,lunch/dinner,main,80.900000000000006,1.9,1.2,15.2,0.12,per 100 g finished dish,400,323.60000000000002,7.6,4.8,60.8,0.48,Rice and brinjal kara kuzhambu combo; per 100 g finished dish.
White Rice + Cabbage Kootu,"Rice, raw, milled, Water, Cabbage, green, Red gram, dal, Coconut, kernel, fresh, Cumin seeds, Chillies, green - all varieties, Turmeric powder, Table salt (sodium from NaCl)",South India,vegetarian,lunch/dinner,main,80.5,2.2999999999999998,1,15.3,0.112,per 100 g finished dish,400,322,9.1999999999999993,4,61.2,0.44800000000000001,Rice and cabbage kootu combo; per 100 g finished dish.
White Rice + Cabbage Poriyal,"Rice, raw, milled, Water, Table salt (sodium from NaCl), Gingelly oil, Chillies, green - all varieties, Coconut, kernel, fresh, Onion, big, Cabbage, green, Mustard seeds",South India,vegetarian,lunch/dinner,main,93.2,2.1,2.1,16.2,9.4E-2,per 100 g finished dish,400,372.8,8.4,8.4,64.8,0.376,Rice and cabbage poriyal combo; per 100 g finished dish.
White Rice + Keerai Masiyal,"Rice, raw, milled, Water, Table salt (sodium from NaCl), Chillies, green - all varieties, Red gram, dal, Garlic, big cloves, Tomato, ripe, local, Onion, big, Amaranth leaves, green, Cumin seeds, Gingelly oil",South India,vegetarian,lunch/dinner,main,82,2.7,0.8,15.5,0.13,per 100 g finished dish,400,328,10.8,3.2,62,0.52,Rice and keerai masiyal combo; per 100 g finished dish.
White Rice + Kootu,"Rice, raw, milled, Water, Gingelly oil, Table salt (sodium from NaCl), Ash gourd, Carrot, orange, Green gram, dal, Cumin seeds, Chillies, green - all varieties, Turmeric powder, Coconut, kernel, fresh",South India,vegetarian,lunch/dinner,main,93.9,2.6,2,16,0.14199999999999999,per 100 g finished dish,400,375.6,10.4,8,64,0.56799999999999995,Rice and kootu combo; per 100 g finished dish.
White Rice + Lemon Rasam,"Rice, raw, milled, Water, Tamarind, pulp, Tomato, ripe, local, Cumin seeds, Pepper, black, Coriander seeds, Curry leaves, Lemon, juice, Garlic, big cloves, Table salt (sodium from NaCl)",South India,vegetarian,lunch/dinner,main,62.8,1.4,0.2,13.5,9.0999999999999998E-2,per 100 g finished dish,400,251.2,5.6,0.8,54,0.36399999999999999,Rice and lemon rasam combo; per 100 g finished dish.
White Rice + Pepper Rasam,"Rice, raw, milled, Water, Tamarind, pulp, Garlic, big cloves, Cumin seeds, Pepper, black, Coriander seeds, Curry leaves, Table salt (sodium from NaCl), Tomato, ripe, local",South India,vegetarian,lunch/dinner,main,64.5,1.5,0.2,13.9,9.5000000000000001E-2,per 100 g finished dish,400,258,6,0.8,55.6,0.38,Rice and pepper rasam combo; per 100 g finished dish.
White Rice + Potato Poriyal,"Rice, raw, milled, Water, Potato, brown skin, big, Onion, big, Mustard seeds, Turmeric powder, Curry leaves, Groundnut oil, Table salt (sodium from NaCl)",South India,vegetarian,lunch/dinner,main,101,2.1,1.3,19.7,0.19600000000000001,per 100 g finished dish,400,404,8.4,5.2,78.8,0.78400000000000003,Rice and potato poriyal combo; per 100 g finished dish.
White Rice + Rasam,"Rice, raw, milled, Water, Mustard seeds, Curry leaves, Coriander leaves, Cumin seeds, Pepper, black, Garlic, big cloves, Tamarind, pulp, Tomato, ripe, local, Gingelly oil, Table salt (sodium from NaCl)",South India,vegetarian,lunch/dinner,main,65.8,1.5,0.4,13.8,0.09,per 100 g finished dish,400,263.2,6,1.6,55.2,0.36,Rice and rasam combo; per 100 g finished dish.
White Rice + Rasam + Potato Poriyal,"Rice, raw, milled, Water, Mustard seeds, Curry leaves, Coriander leaves, Cumin seeds, Pepper, black, Garlic, big cloves, Tamarind, pulp, Tomato, ripe, local, Gingelly oil, Table salt (sodium from NaCl), Potato, brown skin, big, Onion, big, Turmeric powder, Groundnut oil",South India,vegetarian,lunch/dinner,main,73.599999999999994,1.6,1,14.2,0.182,per 100 g finished dish,400,294.39999999999998,6.4,4,56.8,0.72799999999999998,"Rice, rasam and potato poriyal combo; per 100 g finished dish."
White Rice + Raw Banana Roast,"Rice, raw, milled, Water, Plantain, green, Onion, big, Chillies, red, Turmeric powder, Mustard seeds, Groundnut oil, Table salt (sodium from NaCl)",South India,vegetarian,lunch/dinner,main,107.7,2,1.6,20.8,0.217,per 100 g finished dish,400,430.8,8,6.4,83.2,0.86799999999999999,Rice and raw banana roast combo; per 100 g finished dish.
White Rice + Sambar,"Rice, raw, milled, Water, Chillies, red, Coriander seeds, Turmeric powder, Gingelly oil, Tamarind, pulp, Asafoetida, Onion, big, Drumstick, Red gram, dal, Table salt (sodium from NaCl), Mustard seeds, Tomato, ripe, local, Curry leaves",South India,vegetarian,lunch/dinner,main,84.9,2.6,0.6,16.7,0.121,per 100 g finished dish,400,339.6,10.4,2.4,66.8,0.48399999999999999,Rice and sambar combo; per 100 g finished dish.
White Rice + Sambar + Beans Poriyal,"Rice, raw, milled, Water, Chillies, red, Coriander seeds, Turmeric powder, Gingelly oil, Tamarind, pulp, Asafoetida, Onion, big, Drumstick, Red gram, dal, Table salt (sodium from NaCl), Mustard seeds, Tomato, ripe, local, Curry leaves, French beans, country, Chillies, green - all varieties, Coconut, kernel, fresh",South India,vegetarian,lunch/dinner,main,85.5,2.5,1.9,14.1,0.14899999999999999,per 100 g finished dish,400,342,10,7.6,56.4,0.59599999999999997,"Rice, sambar and beans poriyal combo; per 100 g finished dish."
White Rice + Spinach Kootu,"Rice, raw, milled, Water, Spinach, Red gram, dal, Coconut, kernel, fresh, Cumin seeds, Chillies, green - all varieties, Turmeric powder, Table salt (sodium from NaCl)",South India,vegetarian,lunch/dinner,main,80.8,2.4,1,15.2,0.115,per 100 g finished dish,400,323.2,9.6,4,60.8,0.46,Rice and spinach kootu combo; per 100 g finished dish.
White Rice + Spinach Poriyal,"Rice, raw, milled, Water, Spinach, Onion, big, Coconut, kernel, fresh, Mustard seeds, Chillies, red, Groundnut oil, Table salt (sodium from NaCl)",South India,vegetarian,lunch/dinner,main,99.9,2.4,2.7,16.2,0.17899999999999999,per 100 g finished dish,400,399.6,9.6,10.8,64.8,0.71599999999999997,Rice and spinach poriyal combo; per 100 g finished dish.
White Rice + Tomato Rasam,"Rice, raw, milled, Water, Tomato, ripe, local, Tamarind, pulp, Garlic, big cloves, Cumin seeds, Pepper, black, Coriander seeds, Curry leaves, Table salt (sodium from NaCl)",South India,vegetarian,lunch/dinner,main,64.5,1.5,0.2,13.9,0.09,per 100 g finished dish,400,258,6,0.8,55.6,0.36,Rice and tomato rasam combo; per 100 g finished dish.
White Rice + Vegetable Kurma,"Rice, raw, milled, Water, Garlic, big cloves, Gingelly oil, Carrot, orange, Potato, brown skin, big, Turmeric powder, Table salt (sodium from NaCl), Peas, fresh, Tomato, ripe, local, Coconut, kernel, fresh, Chillies, green - all varieties, Ginger, fresh, Cumin seeds, Onion, big, French beans, country",South India,vegetarian,lunch/dinner,main,81.400000000000006,1.8,1.5,14.7,8.4000000000000005E-2,per 100 g finished dish,400,325.60000000000002,7.2,6,58.8,0.33600000000000002,Rice and vegetable kurma combo; per 100 g finished dish.
Sundal,"Chickpea, bengal gram, curry leaves, coconut, mustard seeds, red chilli, table salt, water",South India,vegetarian,snack,snack,164,8.1999999999999993,4.5,23.5,0.248,per 100 g finished dish,150,246,12.3,6.8,35.200000000000003,0.372,Sundal; standardized Tamil Nadu snack estimate per 100 g finished dish.
Boiled Peanuts,"Groundnut, raw, table salt, water",South India,vegetarian,snack,snack,198,8.6,15.2,8.1,0.185,per 100 g finished dish,150,297,12.9,22.8,12.2,0.27800000000000002,Boiled Peanuts; standardized Tamil Nadu snack estimate per 100 g finished dish.
Murukku,"Rice flour, bengal gram flour, butter, cumin, sesame, table salt, oil",South India,vegetarian,snack,snack,508,7.4,27.8,57.1,0.41199999999999998,per 100 g finished dish,75,381,5.6,20.8,42.8,0.309,Murukku; standardized Tamil Nadu snack estimate per 100 g finished dish.
Thattai,"Rice flour, bengal gram flour, fried gram, butter, curry leaves, chilli, table salt, oil",South India,vegetarian,snack,snack,486,8.5,22.6,61,0.39600000000000002,per 100 g finished dish,75,364.5,6.4,17,45.8,0.29699999999999999,Thattai; standardized Tamil Nadu snack estimate per 100 g finished dish.
Paruppu Vadai,"Bengal gram, onion, fennel, curry leaves, red chilli, table salt, oil",South India,vegetarian,snack,snack,315,12.4,14.6,32.200000000000003,0.35099999999999998,per 100 g finished dish,150,472.5,18.600000000000001,21.9,48.3,0.52600000000000002,Paruppu Vadai; standardized Tamil Nadu snack estimate per 100 g finished dish.
Medu Vada,"Black gram, onion, pepper, curry leaves, table salt, oil",South India,vegetarian,snack,snack,287,7.5,14.1,31.8,0.32700000000000001,per 100 g finished dish,150,430.5,11.2,21.2,47.7,0.49,Medu Vada; standardized Tamil Nadu snack estimate per 100 g finished dish.
Kara Boondi,"Gram flour, rice flour, chilli powder, curry leaves, table salt, oil",South India,vegetarian,snack,snack,513,8.6999999999999993,29.4,53.7,0.46800000000000003,per 100 g finished dish,75,384.8,6.5,22,40.299999999999997,0.35099999999999998,Kara Boondi; standardized Tamil Nadu snack estimate per 100 g finished dish.
Pori Mixture,"Puffed rice, roasted gram, groundnut, curry leaves, chilli, table salt, oil",South India,vegetarian,snack,snack,412,8.1,12.8,66.5,0.372,per 100 g finished dish,75,309,6.1,9.6,49.9,0.27900000000000003,Pori Mixture; standardized Tamil Nadu snack estimate per 100 g finished dish.
Kozhukattai,"Rice flour, coconut, jaggery, cardamom, water, pinch of salt",South India,vegetarian,snack,snack,221,2.9,4.0999999999999996,42.8,8.2000000000000003E-2,per 100 g finished dish,150,331.5,4.4000000000000004,6.2,64.2,0.123,Kozhukattai; standardized Tamil Nadu snack estimate per 100 g finished dish.
Kuzhi Paniyaram Snack,"Rice, black gram, onion, green chilli, curry leaves, table salt, gingelly oil",South India,vegetarian,snack,snack,168,4.5,4.2,28,0.29199999999999998,per 100 g finished dish,150,252,6.8,6.3,42,0.438,Kuzhi Paniyaram Snack; standardized Tamil Nadu snack estimate per 100 g finished dish.
Masala Pori,"Puffed rice, onion, tomato, roasted gram, chilli, coriander, table salt",South India,vegetarian,snack,snack,154,4.2,2.9,28.6,0.30099999999999999,per 100 g finished dish,150,231,6.3,4.4000000000000004,42.9,0.45200000000000001,Masala Pori; standardized Tamil Nadu snack estimate per 100 g finished dish.
Aval Upma,"Flattened rice, onion, green chilli, curry leaves, groundnut, table salt, oil",South India,vegetarian,snack,snack,172,4.0999999999999996,5.7,26.1,0.26600000000000001,per 100 g finished dish,150,258,6.2,8.6,39.200000000000003,0.39900000000000002,Aval Upma; standardized Tamil Nadu snack estimate per 100 g finished dish.
Boiled Egg,"Egg, poultry, whole, cooked, table salt",South India,non_vegetarian,snack,snack,155,12.6,10.6,1.1000000000000001,0.155,per 100 g finished dish,150,232.5,18.899999999999999,15.9,1.6,0.23200000000000001,Boiled Egg; standardized Tamil Nadu snack estimate per 100 g finished dish.
Egg Puff,"Wheat flour, egg, onion, oil, table salt",South India,non_vegetarian,snack,snack,312,8.5,20.100000000000001,24.3,0.39400000000000002,per 100 g finished dish,150,468,12.8,30.2,36.4,0.59099999999999997,Egg Puff; standardized Tamil Nadu snack estimate per 100 g finished dish.
Chicken Cutlet,"Chicken, potato, onion, bread crumbs, egg, oil, table salt",South India,non_vegetarian,snack,snack,276,12.3,14.8,22.1,0.33800000000000002,per 100 g finished dish,150,414,18.399999999999999,22.2,33.200000000000003,0.50700000000000001,Chicken Cutlet; standardized Tamil Nadu snack estimate per 100 g finished dish.
Fish Cutlet,"Fish, potato, onion, bread crumbs, egg, oil, table salt",South India,non_vegetarian,snack,snack,241,13.8,9.8000000000000007,23.4,0.32900000000000001,per 100 g finished dish,150,361.5,20.7,14.7,35.1,0.49399999999999999,Fish Cutlet; standardized Tamil Nadu snack estimate per 100 g finished dish.
Muttai Bajji,"Egg, bengal gram flour, chilli powder, oil, table salt",South India,non_vegetarian,snack,snack,228,9.1999999999999993,13.4,16.8,0.28699999999999998,per 100 g finished dish,150,342,13.8,20.100000000000001,25.2,0.43,Muttai Bajji; standardized Tamil Nadu snack estimate per 100 g finished dish.
White Rice + Sambar (Dinner),"Rice, raw, milled, red gram, dal, drumstick, tomato, tamarind, mustard seeds, curry leaves, table salt, water",South India,vegetarian,dinner,main,89.8,2.6,0.6,18.2,9.5000000000000001E-2,per 100 g finished dish,300,269.39999999999998,7.8,1.8,54.6,0.28499999999999998,White rice with sambar dinner combo; per 100 g finished dish.
White Rice + Rasam (Dinner),"Rice, raw, milled, tamarind, tomato, garlic, pepper, cumin, curry leaves, table salt, water",South India,vegetarian,dinner,main,74.900000000000006,1.7,0.3,15.9,7.0999999999999994E-2,per 100 g finished dish,300,224.7,5.0999999999999996,0.9,47.7,0.21299999999999999,White rice with rasam dinner combo; per 100 g finished dish.
White Rice + Kootu (Dinner),"Rice, raw, milled, moong dal, vegetables, coconut, cumin, curry leaves, table salt, water",South India,vegetarian,dinner,main,96.8,2.5,1.6,17.7,0.111,per 100 g finished dish,300,290.39999999999998,7.5,4.8,53.1,0.33300000000000002,White rice with kootu dinner combo; per 100 g finished dish.
White Rice + Avial (Dinner),"Rice, raw, milled, mixed vegetables, coconut, curd, cumin, curry leaves, coconut oil, table salt",South India,vegetarian,dinner,main,98.4,2,2.4,16.899999999999999,0.107,per 100 g finished dish,300,295.2,6,7.2,50.7,0.32100000000000001,White rice with avial dinner combo; per 100 g finished dish.
White Rice + Keerai Masiyal (Dinner),"Rice, raw, milled, amaranth leaves, onion, garlic, red chilli, table salt, water",South India,vegetarian,dinner,main,87.5,2.6,0.7,17.3,0.10100000000000001,per 100 g finished dish,300,262.5,7.8,2.1,51.9,0.30299999999999999,White rice with keerai masiyal dinner combo; per 100 g finished dish.
White Rice + Brinjal Kara Kuzhambu (Dinner),"Rice, raw, milled, brinjal, tamarind, sambar powder, sesame oil, mustard seeds, curry leaves, table salt",South India,vegetarian,dinner,main,86.7,2,1,17.100000000000001,9.4E-2,per 100 g finished dish,300,260.10000000000002,6,3,51.3,0.28199999999999997,White rice with brinjal kara kuzhambu dinner combo; per 100 g finished dish.
White Rice + Vegetable Kurma (Dinner),"Rice, raw, milled, mixed vegetables, coconut, poppy seeds, fennel, onion, ginger, garlic, table salt",South India,vegetarian,dinner,main,87.1,2,1.2,16.7,6.5000000000000002E-2,per 100 g finished dish,300,261.3,6,3.6,50.1,0.19500000000000001,White rice with vegetable kurma dinner combo; per 100 g finished dish.
Idiyappam + Vegetable Kurma (Dinner),"Rice flour, mixed vegetables, coconut, fennel, onion, ginger, garlic, table salt",South India,vegetarian,dinner,main,93.1,2.1,1.1000000000000001,18.3,0.26300000000000001,per 100 g finished dish,300,279.3,6.3,3.3,54.9,0.78900000000000003,Idiyappam with vegetable kurma dinner combo; per 100 g finished dish.
Dosa + Sambar (Dinner),"Rice, black gram, red gram, drumstick, tomato, tamarind, table salt, gingelly oil, water",South India,vegetarian,dinner,main,128.80000000000001,4,1.8,23.4,0.27800000000000002,per 100 g finished dish,300,386.4,12,5.4,70.2,0.83399999999999996,Dosa with sambar dinner combo; per 100 g finished dish.
Idiyappam + Egg Curry,"Rice flour, egg, onion, tomato, spices, table salt, oil, water",South India,non_vegetarian,breakfast,main,96,3,1.8,16.600000000000001,0.32,per 100 g finished dish,200,192,6,3.6,33.200000000000003,0.64,Idiyappam with egg curry; per 100 g finished dish.
Idli + Fish Curry,"Rice, black gram, fish, onion, tomato, tamarind, spices, table salt, water",South India,non_vegetarian,breakfast,main,132.19999999999999,6,2.2999999999999998,21.3,0.32900000000000001,per 100 g finished dish,200,264.39999999999998,12,4.5999999999999996,42.6,0.65800000000000003,Idli with fish curry; per 100 g finished dish.
Dosa + Egg Curry,"Rice, black gram, egg, onion, tomato, spices, table salt, oil, water",South India,non_vegetarian,breakfast,main,127,4.3,3,20.100000000000001,0.311,per 100 g finished dish,200,254,8.6,6,40.200000000000003,0.622,Dosa with egg curry; per 100 g finished dish.
Dosa + Chicken Curry,"Rice, black gram, chicken, onion, tomato, spices, table salt, oil, water",South India,non_vegetarian,breakfast,main,173.1,5.8,5,19,0.32200000000000001,per 100 g finished dish,200,346.2,11.6,10,38,0.64400000000000002,Dosa with chicken curry; per 100 g finished dish.
Appam + Chicken Curry,"Rice, coconut milk, chicken, onion, tomato, spices, table salt, oil, water",South India,non_vegetarian,breakfast,main,157.80000000000001,4.5999999999999996,5.9,15.3,0.28499999999999998,per 100 g finished dish,200,315.60000000000002,9.1999999999999993,11.8,30.6,0.56999999999999995,Appam with chicken curry; per 100 g finished dish.
Appam + Egg Curry,"Rice, coconut milk, egg, onion, tomato, spices, table salt, oil, water",South India,non_vegetarian,breakfast,main,113.4,3.3,4.3,15,0.27900000000000003,per 100 g finished dish,200,226.8,6.6,8.6,30,0.55800000000000005,Appam with egg curry; per 100 g finished dish.
Puttu + Egg Curry,"Rice flour, coconut, egg, onion, tomato, spices, table salt, oil, water",South India,non_vegetarian,breakfast,main,123.4,3.2,5,16.100000000000001,0.29899999999999999,per 100 g finished dish,200,246.8,6.4,10,32.200000000000003,0.59799999999999998,Puttu with egg curry; per 100 g finished dish.
White Rice + Fish Curry (Dinner),"Rice, fish, onion, tomato, tamarind, spices, table salt, water",South India,non_vegetarian,dinner,main,106.2,4.8,2.5,15.8,0.14699999999999999,per 100 g finished dish,300,318.60000000000002,14.4,7.5,47.4,0.441,White rice with fish curry dinner combo; per 100 g finished dish.
White Rice + Chicken Curry (Dinner),"Rice, chicken, onion, tomato, spices, table salt, oil, water",South India,non_vegetarian,dinner,main,141.80000000000001,4.5,3.8,15.3,0.153,per 100 g finished dish,300,425.4,13.5,11.4,45.9,0.45900000000000002,White rice with chicken curry dinner combo; per 100 g finished dish.
White Rice + Egg Curry (Dinner),"Rice, egg, onion, tomato, spices, table salt, oil, water",South India,non_vegetarian,dinner,main,91.1,3,2,14.9,0.14699999999999999,per 100 g finished dish,300,273.3,9,6,44.7,0.441,White rice with egg curry dinner combo; per 100 g finished dish.
Egg Parotta,"Maida, egg, onion, oil, table salt",South India,non_vegetarian,breakfast,main,278,8.4,11.8,33.9,0.36099999999999999,per 100 g finished dish,200,556,16.8,23.6,67.8,0.72199999999999998,Egg Parotta; standardized Tamil Nadu breakfast estimate per 100 g finished dish.
Chicken Kothu Parotta,"Maida parotta, chicken, egg, onion, tomato, curry leaves, oil, table salt",South India,non_vegetarian,breakfast,main,246,10.9,9.6999999999999993,28.4,0.39800000000000002,per 100 g finished dish,200,492,21.8,19.399999999999999,56.8,0.79600000000000004,Chicken Kothu Parotta; standardized Tamil Nadu breakfast estimate per 100 g finished dish.
Kari Dosa,"Rice, black gram, mutton mince, onion, chilli, table salt, gingelly oil",South India,non_vegetarian,breakfast,main,221,11.6,8.4,24.2,0.34399999999999997,per 100 g finished dish,200,442,23.2,16.8,48.4,0.68799999999999994,Kari Dosa; standardized Tamil Nadu breakfast estimate per 100 g finished dish.
Kalakki + Parotta,"Maida parotta, egg, onion, pepper, oil, table salt",South India,non_vegetarian,breakfast,main,269,8.9,12.5,31,0.372,per 100 g finished dish,200,538,17.8,25,62,0.74399999999999999,Kalakki + Parotta; standardized Tamil Nadu breakfast estimate per 100 g finished dish.
